-- MySQL dump 10.13  Distrib 5.7.13, for linux-glibc2.5 (x86_64)
--
-- Host: 127.0.0.1    Database: bilbapp_db
-- ------------------------------------------------------
-- Server version	5.7.16

/*!40101 SET @OLD_CHARACTER_SET_CLIENT=@@CHARACTER_SET_CLIENT */;
/*!40101 SET @OLD_CHARACTER_SET_RESULTS=@@CHARACTER_SET_RESULTS */;
/*!40101 SET @OLD_COLLATION_CONNECTION=@@COLLATION_CONNECTION */;
/*!40101 SET NAMES utf8 */;
/*!40103 SET @OLD_TIME_ZONE=@@TIME_ZONE */;
/*!40103 SET TIME_ZONE='+00:00' */;
/*!40014 SET @OLD_UNIQUE_CHECKS=@@UNIQUE_CHECKS, UNIQUE_CHECKS=0 */;
/*!40014 SET @OLD_FOREIGN_KEY_CHECKS=@@FOREIGN_KEY_CHECKS, FOREIGN_KEY_CHECKS=0 */;
/*!40101 SET @OLD_SQL_MODE=@@SQL_MODE, SQL_MODE='NO_AUTO_VALUE_ON_ZERO' */;
/*!40111 SET @OLD_SQL_NOTES=@@SQL_NOTES, SQL_NOTES=0 */;


--
-- Table structure for table `Opcion`
--

DROP TABLE IF EXISTS `Opcion`;
/*!40101 SET @saved_cs_client     = @@character_set_client */;
/*!40101 SET character_set_client = utf8 */;
CREATE TABLE `Opcion` (
  `opcion` varchar(45) NOT NULL,
  PRIMARY KEY (`opcion`)
) ENGINE=InnoDB DEFAULT CHARSET=utf8;
/*!40101 SET character_set_client = @saved_cs_client */;

--
-- Dumping data for table `Opcion`
--

LOCK TABLES `Opcion` WRITE;
/*!40000 ALTER TABLE `Opcion` DISABLE KEYS */;
INSERT INTO `Opcion` VALUES ('Alojamiento'),('Compras'),('Deportes'),('Fiesta'),('Monumentos'),('Restaurantes'),('Transportes');
/*!40000 ALTER TABLE `Opcion` ENABLE KEYS */;
UNLOCK TABLES;

--
-- Table structure for table `Sitio`
--

DROP TABLE IF EXISTS `Sitio`;
/*!40101 SET @saved_cs_client     = @@character_set_client */;
/*!40101 SET character_set_client = utf8 */;
CREATE TABLE `Sitio` (
  `sitio` varchar(100) NOT NULL,
  `direccion` text NOT NULL,
  `puntuacion` float NOT NULL,
  `contador` int(11) NOT NULL,
  `Opcion_opcion` varchar(45) NOT NULL,
  PRIMARY KEY (`sitio`),
  KEY `fk_Sitio_Opcion1_idx` (`Opcion_opcion`),
  CONSTRAINT `fk_Sitio_Opcion1` FOREIGN KEY (`Opcion_opcion`) REFERENCES `Opcion` (`opcion`) ON DELETE NO ACTION ON UPDATE NO ACTION
) ENGINE=InnoDB DEFAULT CHARSET=utf8;
/*!40101 SET character_set_client = @saved_cs_client */;

--
-- Dumping data for table `Sitio`
--

LOCK TABLES `Sitio` WRITE;
/*!40000 ALTER TABLE `Sitio` DISABLE KEYS */;
INSERT INTO `Sitio` VALUES ('7 kale bed & breakfast ','https://www.google.es/maps/place/7+Kale+Bed+%26+Breakfast/@43.2578337,-2.9276085,17z/data=!3m1!4b1!4m5!3m4!1s0xd4e4fcdd1f35a5b:0x7d95e728d47f110a!8m2!3d43.2578337!4d-2.9254198',4,1,'Alojamiento'),('Abando','https://www.google.es/maps/place/Bilbao/@43.2601495,-2.9285938,17z/data=!3m1!4b1!4m5!3m4!1s0xd4e4fce2e7f95cb:0x16b273e133730167!8m2!3d43.2601495!4d-2.9264051',3,2,'Transportes'),('Alambique','https://www.google.es/maps/place/Alambique/@43.2597871,-2.9376074,17z/data=!3m1!4b1!4m5!3m4!1s0xd4e4fd6599d4061:0x350b581b3c3b405!8m2!3d43.2597871!4d-2.9354187',4,1,'Fiesta'),('Ale Hop','https://www.google.es/maps/place/Ale+Hop/@43.2593033,-2.924188,15z/data=!4m5!3m4!1s0x0:0x39e30534da325cce!8m2!3d43.2593033!4d-2.924188',1,1,'Compras'),('All Iron Hostel','https://www.google.es/maps/place/ALL+IRON+HOSTEL/@43.259533,-2.9146667,17z/data=!3m1!4b1!4m5!3m4!1s0xd4e4fb14c8d08b1:0xa8a0d46547027000!8m2!3d43.259533!4d-2.912478',2,1,'Alojamiento'),('Alma de Cacao','https://www.google.es/maps/place/Alma+de+Cacao/@43.251625,-2.9251119,17z/data=!3m1!4b1!4m5!3m4!1s0xd4e4e337b9d20c7:0x6d29dbdf7083e03f!8m2!3d43.251625!4d-2.9229232',1,1,'Compras'),('ANTI Liburudenda','https://www.google.es/maps/place/Librer%C3%ADa+-+ANTI+-+Liburudenda/@43.2579728,-2.9301233,17z/data=!3m1!4b1!4m5!3m4!1s0xd4e4fd206b31361:0xb1c7ff8411ae3ccf!8m2!3d43.2579728!4d-2.9279346',5,1,'Compras'),('Aralar','https://www.google.es/maps/place/Restaurante+Aralar/@43.2631489,-2.9297593,17z/data=!3m1!4b1!4m5!3m4!1s0xd4e4fd0009c3ac9:0xb1b67f8e1477f9ac!8m2!3d43.2631489!4d-2.9275706',4,1,'Restaurantes'),('Arbolagaña','https://www.google.es/maps/place/Arbolaga%C3%B1a/@43.2653548,-2.9406882,17z/data=!3m1!4b1!4m5!3m4!1s0xd4e4fd89ef82b01:0x5497420fddf6e9c3!8m2!3d43.2653548!4d-2.9384995',4,1,'Restaurantes'),('Asador Ibáñez de Bilbao','https://www.google.es/maps/place/Ib%C3%A1%C3%B1ez+de+Bilbao+Asador/@43.2629969,-2.9280165,17z/data=!3m1!4b1!4m5!3m4!1s0xd4e4fcf88b32aa9:0x292f6dd1d1a0213c!8m2!3d43.2629969!4d-2.9258278',4,1,'Restaurantes'),('Asia Di Roma','https://www.google.es/maps/place/Asia+Di+Roma/@43.2599913,-2.9318858,17z/data=!3m1!4b1!4m5!3m4!1s0xd4e4fd1a50249bf:0x32a5d6b542340556!8m2!3d43.2599913!4d-2.9296971',4,1,'Restaurantes'),('Autobús El Corte Inglés','https://www.google.es/maps/place/Gran+V%C3%ADa+8/@43.2623107,-2.9360582,16z/data=!4m8!1m2!2m1!1sestacion+metro+bilbao!3m4!1s0xd4e4fd042445b9f:0x5907218197988846!8m2!3d43.2617902!4d-2.9292499',3,1,'Transportes'),('Autobús Moyua','https://www.google.es/maps/place/Moyua+Plaza+Subdelegaci%C3%B3n+Del+Gobierno/@43.2647796,-2.9410579,16z/data=!4m8!1m2!2m1!1sestacion+metro+bilbao!3m4!1s0xd4e4fd824732f2d:0xb3334cb4560cd0c3!8m2!3d43.2633606!4d-2.9361391',2,1,'Transportes'),('Avec Moi','https://www.google.es/maps/place/Avec+Moi,+KELER/@43.2655486,-2.9310087,17z/data=!4m5!3m4!1s0xd4e4fdb2003b825:0x6028b8ca2f7776ec!8m2!3d43.2655486!4d-2.92882',4,1,'Restaurantes'),('Ayestaran','https://www.google.es/maps/place/Ayestaran+%7C+Bilbao+%7C+Correo/@43.2579724,-2.9366894,15z/data=!4m8!1m2!2m1!1sAyestaan+bilbao!3m4!1s0xd4e4fcebae8a231:0xef2bc30e196c0ba1!8m2!3d43.2590243!4d-2.923464',1,1,'Compras'),('Ayuntamiento','https://www.google.es/maps/place/Ayuntamiento+de+Bilbao/@43.2642276,-2.9256363,17z/data=!3m1!4b1!4m5!3m4!1s0xd4e4fc5e5c211dd:0x6a7486dfa11cb52e!8m2!3d43.2642276!4d-2.9234476',4,1,'Monumentos'),('Azkena','https://www.google.es/maps/place/Azkena+Bilbao/@43.2637704,-2.931995,17z/data=!3m1!4b1!4m5!3m4!1s0xd4e502873b2626f:0x9fd9b12d8c07e6af!8m2!3d43.2637704!4d-2.9298063',4,1,'Fiesta'),('Azkuna Zentroa','https://www.google.es/maps/place/Azkuna+Zentroa/@43.2598291,-2.939001,17z/data=!3m1!4b1!4m5!3m4!1s0xd4e4fd6478b8a25:0x8b3be5dc2a4d49d9!8m2!3d43.2598291!4d-2.9368123',5,2,'Deportes'),('Badulake','https://www.google.es/maps/place/Badulake/@43.256998,-2.9304127,17z/data=!3m1!4b1!4m5!3m4!1s0xd4e4fd269756259:0x45bff9265f3ac45d!8m2!3d43.256998!4d-2.928224',4,1,'Fiesta'),('Bar EME','https://www.google.es/maps/place/Bar+Eme/@43.2602097,-2.936629,17z/data=!3m1!4b1!4m5!3m4!1s0xd4e4fcc6c422823:0x33f76a914419938d!8m2!3d43.2602097!4d-2.9344403',4,1,'Restaurantes'),('Barceló','https://www.google.es/maps/place/Barcel%C3%B3+Bilbao+Nervi%C3%B3n/@43.2651321,-2.9272917,17z/data=!3m1!4b1!4m5!3m4!1s0xd4e4fc5bd31b45d:0x83b19b023e2f1c0d!8m2!3d43.2651321!4d-2.925103',4,15,'Alojamiento'),('Basic- Fit Bilbao Zabalburu','https://www.google.es/maps/place/Basic-Fit+Bilbao+Zabalburu/@43.2563136,-2.9336208,15z/data=!4m2!3m1!1s0x0:0x9cb20db68cf8072e?sa=X&ved=0ahUKEwjAl4OuvajQAhUk0oMKHVjACPgQ_BIIeTAK',4,1,'Deportes'),('Basílica Nuestra Señora de Begoña','https://www.google.es/maps/place/Bas%C3%ADlica+de+Bego%C3%B1a/@43.2586957,-2.9159803,17z/data=!3m1!4b1!4m5!3m4!1s0xd4e4fb6a00dbe39:0xad2a601c051082c7!8m2!3d43.2586918!4d-2.9137916',5,1,'Monumentos'),('Basque Boutique','https://www.google.es/maps/place/Basque+Boutique/@43.2574963,-2.9276263,17z/data=!3m1!4b1!4m5!3m4!1s0xd4e4fcdcc116ef3:0xb04210663b9aaebc!8m2!3d43.2574963!4d-2.9254376',5,1,'Alojamiento'),('BBK Bilbao Good Hostel','https://www.google.es/maps/place/BBK+Bilbao+Good+Hostel/@43.246752,-2.9120067,17z/data=!3m1!4b1!4m5!3m4!1s0xd4e4e4efcfa6fe5:0xac24282a94e2c146!8m2!3d43.246752!4d-2.909818',4,1,'Alojamiento'),('Bershka','https://www.google.es/maps/place/Bershka/@43.2647892,-2.9424584,16z/data=!4m8!1m2!2m1!1sBershka+bilbao!3m4!1s0xd4e4fd79737d5e1:0x387c00b94901666a!8m2!3d43.2619169!4d-2.9358534',4,1,'Compras'),('Bihotz Café','https://www.google.es/maps/place/Bihotz+Caf%C3%A9/@43.2554966,-2.9284826,17z/data=!3m1!4b1!4m5!3m4!1s0xd4e4fcd0cda0dbf:0xac1d865effec5867!8m2!3d43.2554966!4d-2.9262939',5,1,'Restaurantes'),('Bikandi','https://www.google.es/maps/place/Bikandi/@43.2563266,-2.9250764,17z/data=!3m1!4b1!4m5!3m4!1s0xd4e4fcc74095025:0xfaf7aa5a90ed683!8m2!3d43.2563266!4d-2.9228877',4,1,'Restaurantes'),('Bilbao Akelarre Hostel','https://www.google.es/maps/place/Bilbao+Akelarre+Hostel/@43.268721,-2.9566667,17z/data=!3m1!4b1!4m5!3m4!1s0xd4e503ee688b825:0xeeeaa8a80af71ef2!8m2!3d43.268721!4d-2.954478',4,1,'Alojamiento'),('Bilbao Apartamentos Atxuri','https://www.google.es/maps/place/Bilbao+Apartamentos+Atxuri/@43.250145,-2.9225519,17z/data=!3m1!4b1!4m5!3m4!1s0xd4e4e3437ad9f7b:0x97aa6ba48c897446!8m2!3d43.250145!4d-2.9203632',3,1,'Alojamiento'),('Bilbao Aterpexea','https://www.google.es/maps/place/Bilbao+Aterpetxea/@43.2631972,-2.9635053,17z/data=!3m1!4b1!4m5!3m4!1s0xd4e51aaf7711cd7:0x535a35c3fe57d312!8m2!3d43.2631972!4d-2.9613166',4,1,'Alojamiento'),('Bilbao Kirolak','https://www.google.es/maps/place/Bilbao+Kirolak+-+Instituto+Municipal+de+Deportes+Sociedad+Anonima/@43.2609435,-2.9289362,17z/data=!3m1!4b1!4m5!3m4!1s0xd4e4fcb23f1c655:0xefcc6f6525f5752a!8m2!3d43.2609435!4d-2.9267475',4,9,'Deportes'),('Bimba y Lola','https://www.google.es/maps/place/Bimba+y+Lola/@43.2620166,-2.9333565,17z/data=!3m1!4b1!4m5!3m4!1s0x405a2499915d8f57:0x75dd5e6f7fe32ccf!8m2!3d43.2620166!4d-2.9311678',2,1,'Compras'),('BM','https://www.google.es/maps/place/BM+Supermercados/@43.2620162,-2.9399226,15z/data=!4m8!1m2!2m1!1sBM+bilbao!3m4!1s0x0:0xcbc4c8a7472d2f45!8m2!3d43.2628664!4d-2.9378316',2,1,'Compras'),('Botxo Gallery Youth Hostel','https://www.google.es/maps/place/Botxo+Gallery+Youth+Hostel/@43.2701893,-2.9355117,17z/data=!3m1!4b1!4m5!3m4!1s0xd4e4fde886e1fff:0xf8d434ecbd2bcf0d!8m2!3d43.2701893!4d-2.933323',3,1,'Alojamiento'),('Botxo Kafe','https://www.google.es/maps/place/Botxo+Kafe/@43.2551379,-2.924537,17z/data=!3m1!4b1!4m5!3m4!1s0xd4e4fcb63f84ad3:0x1c24b7d343aa85f6!8m2!3d43.2551379!4d-2.9223483',4,1,'Restaurantes'),('Boys','https://www.google.es/maps/place/Boys/@43.2595888,-2.9325649,17z/data=!3m1!4b1!4m5!3m4!1s0xd4e4fd172ed626d:0xc8022b37f0817d34!8m2!3d43.2595888!4d-2.9303762',4,1,'Restaurantes'),('Budha Bilbao','https://www.google.es/maps/place/Budha+Bilbao/@43.2620577,-2.9469706,17z/data=!3m1!4b1!4m5!3m4!1s0xd4e502f778f82cf:0x72350f54f4de8f46!8m2!3d43.2620577!4d-2.9447819',4,1,'Fiesta'),('Burger King','https://www.google.es/maps/place/Burger+King/@43.2644768,-2.9386466,16z/data=!4m8!1m2!2m1!1sBURGER+KING+BILBAO!3m4!1s0x0:0x4764f79b8fa8a47a!8m2!3d43.2609659!4d-2.9273844',3,1,'Restaurantes'),('Café Estoril','https://www.google.es/maps/place/Caf%C3%A9+Estoril/@43.2626286,-2.941609,17z/data=!4m13!1m7!3m6!1s0xd4e502878497e7f:0xac753dbd85b6e7de!2sCaf%C3%A9+Estoril!3b1!8m2!3d43.2626286!4d-2.9394203!3m4!1s0xd4e502878497e7f:0xac753dbd85b6e7de!8m2!3d43.2626286!4d-2.9394203',4,1,'Restaurantes'),('Café Iruña','https://www.google.es/maps/place/Caf%C3%A9+Iru%C3%B1a/@43.2624841,-2.9301846,17z/data=!4m13!1m7!3m6!1s0xd4e4fd01beb7c09:0x630ebb60f76c89b8!2zQ2Fmw6kgSXJ1w7Fh!3b1!8m2!3d43.2624841!4d-2.9279959!3m4!1s0xd4e4fd01beb7c09:0x630ebb60f76c89b8!8m2!3d43.2624841!4d-2.9279959',4,1,'Restaurantes'),('Café La Granja','https://www.google.es/maps/place/Caf%C3%A9+La+Granja/@43.2616015,-2.9293323,17z/data=!4m13!1m7!3m6!1s0xd4e4fcfdb9b2691:0xcf620e7305d6610b!2sCaf%C3%A9+La+Granja!3b1!8m2!3d43.2616015!4d-2.9271436!3m4!1s0xd4e4fcfdb9b2691:0xcf620e7305d6610b!8m2!3d43.2616015!4d-2.9271436',4,1,'Restaurantes'),('Carrefour','https://www.google.es/maps/place/Carrefour+Abando/@43.2616718,-2.9387639,15z/data=!4m8!1m2!2m1!1sCarrefour+bilbao!3m4!1s0x0:0xfc4956f0e6df652b!8m2!3d43.2599834!4d-2.9275319',3,1,'Compras'),('Casco Viejo','https://www.google.es/maps/place/Casco+Viejo,+Bilbao,+Vizcaya/@43.2601042,-2.9302032,15z/data=!3m1!4b1!4m5!3m4!1s0xd4e4fc93dbad537:0x192f9696d3fb3c86!8m2!3d43.2620922!4d-2.9213408',2,1,'Monumentos'),('Casual Gurea','https://www.google.es/maps/place/Casual+Gurea/@43.2579377,-2.9265237,17z/data=!3m1!4b1!4m5!3m4!1s0xd4e4fcc25ad128f:0x79f1c294d9aa7b2e!8m2!3d43.2579377!4d-2.924335',4,1,'Alojamiento'),('Catedral de Santiago','https://www.google.es/maps/place/Catedral+de+Santiago+de+Bilbao/@43.2571891,-2.9259064,17z/data=!3m1!4b1!4m5!3m4!1s0xd4e4e357166ef01:0x2b39ba091f307d35!8m2!3d43.2571852!4d-2.9237177',4,1,'Monumentos'),('Centro Azkuna','https://www.google.es/maps/place/Azkuna+Zentroa/@43.259833,-2.939001,17z/data=!3m1!4b1!4m5!3m4!1s0xd4e4fd6478b8a25:0x8b3be5dc2a4d49d9!8m2!3d43.2598291!4d-2.9368123',4,1,'Monumentos'),('Ciclos La Ferro','https://www.google.es/maps/place/Ciclos+La+Ferro/@43.2555778,-2.9258433,15z/data=!4m5!3m4!1s0x0:0xc027ca70aac14959!8m2!3d43.2555778!4d-2.9258433',5,1,'Compras'),('Claire\'s','https://www.google.es/maps/place/Claire\'s/@43.2555508,-2.9521082,13z/data=!4m8!1m2!2m1!1sClaire\'s+bilbao!3m4!1s0x0:0xd31a0f5b591a56c8!8m2!3d43.2630031!4d-2.9359996',3,1,'Compras'),('Club Deportivo Bilbao','https://www.google.es/maps/place/Club+Deportivo+Bilbao/@43.264712,-2.934511,15z/data=!4m5!3m4!1s0x0:0xd96eab969ff5d2ad!8m2!3d43.264712!4d-2.934511',4,1,'Deportes'),('Colombo Restaurant','https://www.google.es/maps/place/Colombo+Restaurant/@43.2631575,-2.9427631,17z/data=!3m1!4b1!4m5!3m4!1s0xd4e50262e8b1e37:0x3a9455a6236de88!8m2!3d43.2631581!4d-2.9405773',4,1,'Restaurantes'),('Cooper Deli','https://www.google.es/maps/place/Copper+Deli+Mazarredo/@41.8109528,-58.2366014,4z/data=!4m8!1m2!2m1!1sCooper+Deli!3m4!1s0xd4e4fd07228fbd7:0xeab97fc5afbeece2!8m2!3d43.2626069!4d-2.9290942',5,1,'Restaurantes'),('Coppola Bilbao','https://www.google.es/maps/place/Coppola+Bilbao/@43.2663197,-2.9350193,17z/data=!3m1!4b1!4m5!3m4!1s0xd4e4fd963e27139:0x5bb8dc50afa7389!8m2!3d43.2663197!4d-2.9328306',4,1,'Restaurantes'),('Deluxe Bilbao Henao','https://www.google.es/maps/place/Deluxe+Bilbao+Henao/@43.2663187,-2.9415854,15z/data=!4m8!1m2!2m1!1sDeluxe!3m4!1s0xd4e4fd987cac395:0x439b2854a4e4afc4!8m2!3d43.2649762!4d-2.932791',4,1,'Restaurantes'),('Deluxe Bilbao Miribilla','https://www.google.es/maps/place/DELUXE+BILBAO+MIRIBILLA/@43.249664,-2.9359527,15z/data=!4m8!1m2!2m1!1sDeluxe!3m4!1s0xd4e4e320c69c9b5:0xc9a82f9683d7213!8m2!3d43.249664!4d-2.927198',4,1,'Restaurantes'),('Deportes Navarra 8','https://www.google.es/maps/place/Deportes+Navarra+8/@43.261057,-2.9286397,17z/data=!3m1!4b1!4m5!3m4!1s0xd4e4fcfb34c1ceb:0x220865d0134dd168!8m2!3d43.261057!4d-2.926451',4,1,'Compras'),('Dia Market','https://www.google.es/maps/place/Dia+Market/@43.2637608,-2.973108,13z/data=!4m8!1m2!2m1!1sD%C3%ADa++Market+bilbao!3m4!1s0x0:0xc14bacb83dd8eeb1!8m2!3d43.264886!4d-2.9154217',5,1,'Compras'),('Divina Martina','https://www.google.es/maps/place/Divina+Martina/@43.2627787,-2.9395947,17z/data=!3m1!4b1!4m5!3m4!1s0xd4e50284c2bae83:0x5d3d84ef432401cf!8m2!3d43.2627787!4d-2.937406',1,1,'Compras'),('Divino Cielo','https://www.google.es/maps/place/Pub+Divino+Cielo/@43.2674819,-2.9332883,17z/data=!3m1!4b1!4m5!3m4!1s0xd4e4fdb8c2be463:0x6f842e559b2ed908!8m2!3d43.2674819!4d-2.9310996',4,1,'Fiesta'),('Eguzkilore','https://www.google.es/maps/place/Eguzkilore+Bilbao/@43.2645007,-2.9447038,17z/data=!4m5!3m4!1s0xd4e5025d778b94f:0x7380a0f442fe1800!8m2!3d43.2645007!4d-2.9425151',2,1,'Compras'),('El Balcón de la Lola','https://www.google.es/maps/place/El+Balc%C3%B3n+de+la+Lola/@43.2582136,-2.9305833,17z/data=!3m1!4b1!4m5!3m4!1s0xd4e4fd1f92ee315:0xbb3722ff8564a060!8m2!3d43.2582136!4d-2.9283946',4,1,'Fiesta'),('El Charro Loco','https://www.google.es/maps/place/Restaurante+El+Charro+Loco/@43.2665995,-2.9355482,17z/data=!3m1!4b1!4m5!3m4!1s0xd4e4fd94266ecd5:0xe03a92102ac2359c!8m2!3d43.2665995!4d-2.9333595',4,1,'Restaurantes'),('El Corte Ingles','https://www.google.es/maps/place/El+Corte+Ingl%C3%A9s/@43.2615685,-2.9383406,15z/data=!4m8!1m2!2m1!1sel+corte+ingles+bilbao!3m4!1s0xd4e4fd091ba0b45:0x80aecf60675a5b59!8m2!3d43.261549!4d-2.9294872',5,2,'Compras'),('El Gallinero','https://www.google.es/maps/place/El+Gallinero/@43.2617199,-2.9418518,17z/data=!3m1!4b1!4m5!3m4!1s0xd4e5028670244a1:0xe14f657585f026b2!8m2!3d43.2617199!4d-2.9396631',4,1,'Restaurantes'),('El Molinillo','https://www.google.es/maps/search/ledesma+5+bilbao/@43.2621443,-2.9296765,18z/data=!3m1!4b1',2,1,'Restaurantes'),('El Rincón del Vino','https://www.google.es/maps/place/El+Rinc%C3%B3n+del+Vino/@43.2591383,-2.9341441,17z/data=!3m1!4b1!4m5!3m4!1s0xd4e4fd1461f2915:0x9765eea1b83351e7!8m2!3d43.2591383!4d-2.9319554',2,1,'Compras'),('Ercilla','https://www.google.es/maps/place/Hotel+Ercilla/@43.2611998,-2.9406543,17z/data=!3m1!4b1!4m5!3m4!1s0xd4e5028388181dd:0x1b0d1daf36a39f01!8m2!3d43.2611998!4d-2.9384656',4,3,'Alojamiento'),('Eroski','https://www.google.es/maps/place/Eroski/@43.2591379,-2.9407102,15z/data=!4m8!1m2!2m1!1seroski+bilbao!3m4!1s0x0:0x8f11584755713dae!8m2!3d43.2621203!4d-2.9415169',3,1,'Compras'),('Estación de la Concordia','https://www.google.es/maps/place/Estacion+De+La+Concordia/@43.2601262,-2.9283617,17z/data=!3m1!4b1!4m5!3m4!1s0xd4e4fce462d68b9:0x75bf6e47ab7830a5!8m2!3d43.2601223!4d-2.926173',2,1,'Monumentos'),('Etxanobe','https://www.google.es/maps/place/ETXANOBE/@43.267024,-2.9458984,17z/data=!3m2!4b1!5s0xd4e50247040988f:0x5d0e13054f333094!4m5!3m4!1s0xd4e502469a2dd7d:0x9cdd3c7a072b7a8e!8m2!3d43.267024!4d-2.9437097',5,1,'Restaurantes'),('Euskalduna','https://www.google.es/maps/place/Palacio+Euskalduna+Jauregia/@43.266915,-2.9467097,17z/data=!3m2!4b1!5s0xd4e50247040988f:0x5d0e13056dc0b8d5!4m5!3m4!1s0xd4e502463ab4003:0xdd291c55d656c0a1!8m2!3d43.266915!4d-2.944521',5,1,'Monumentos'),('Fever','https://www.google.es/maps/place/Discoteca+Fever/@43.2501716,-2.9019771,17z/data=!3m1!4b1!4m5!3m4!1s0xd4e4e56ad11ac55:0x87b37686d89021d9!8m2!3d43.2501716!4d-2.8997884',4,1,'Fiesta'),('Flash','https://www.google.es/maps/place/Flash/@43.2501702,-2.917298,14z/data=!4m8!1m2!2m1!1sFlash!3m4!1s0xd4e4fd709a96a93:0x5c6ce13698d96e5a!8m2!3d43.2613189!4d-2.934981',3,1,'Fiesta'),('Florida','https://www.google.es/maps/place/Cafeteria+Florida/@43.2631213,-2.9420165,17z/data=!3m1!4b1!4m5!3m4!1s0xd4e5027d37bb0cf:0xf0de58dd1e77c716!8m2!3d43.2631213!4d-2.9398278',4,1,'Restaurantes'),('Fnac','https://www.google.es/maps/place/FNAC+BILBAO/@43.2613269,-2.9322121,17z/data=!3m1!4b1!4m5!3m4!1s0xd4e4fd057f5e725:0x1149334bc16a475a!8m2!3d43.2613269!4d-2.9300234',5,2,'Compras'),('Foodoo','https://www.google.es/maps/place/Foodoo/@43.2622527,-2.9307421,17z/data=!3m1!4b1!4m5!3m4!1s0xd4e4fd013e53e21:0xf7b07cf056ff80a6!8m2!3d43.2622527!4d-2.9285534',3,1,'Restaurantes'),('Fuente de Perro','https://www.google.es/maps/place/Fuente+del+Perro/@43.2577983,-2.926518,17z/data=!3m1!4b1!4m5!3m4!1s0xd4e4fcc252c9419:0x21975e71d5415cd7!8m2!3d43.2577944!4d-2.9243293',2,1,'Monumentos'),('Funicular Plaza','https://www.google.es/maps/place/Funikular+Plaza/@43.2658109,-2.9330542,16z/data=!4m8!1m2!2m1!1sestacion+metro+bilbao!3m4!1s0xd4e4fc36f31f3b1:0xeac8b95d831d56b!8m2!3d43.2687248!4d-2.9260017',4,1,'Transportes'),('Galeón','https://www.google.es/maps/place/El+Gale%C3%B3n/@43.2662794,-2.9324694,17z/data=!3m1!4b1!4m5!3m4!1s0xd4e4fdba64e42cf:0x8a77225915f3c096!8m2!3d43.2662794!4d-2.9302807',4,1,'Fiesta'),('Ganbara Hostel','https://www.google.es/maps/place/Ganbara+Hostel/@43.2584467,-2.9210097,17z/data=!3m1!4b1!4m5!3m4!1s0xd4e4fca2737235f:0xf7e6c4230655fc75!8m2!3d43.2584467!4d-2.918821',4,1,'Alojamiento'),('Gandhi','https://www.google.es/maps/place/Ghandi+Restaurante/@43.2622523,-2.9373082,15z/data=!4m8!1m2!2m1!1sGandhi!3m4!1s0xd4e4fcfafcc1e9f:0x1bb04c94faf0215c!8m2!3d43.261304!4d-2.925485',4,1,'Restaurantes'),('Gatz','https://www.google.es/maps/place/Gatz/@43.2582147,-2.9281791,17z/data=!3m1!4b1!4m5!3m4!1s0xd4e4fcdd91c9287:0xb6162802ea514f6f!8m2!3d43.2582147!4d-2.9259904',4,1,'Restaurantes'),('Gimnasio Bilbo Center','https://www.google.es/maps/place/Gimnasio+Bilbo+Center/@43.258539,-2.9356687,17z/data=!3m1!4b1!4m5!3m4!1s0xd4e4fd6a472ba37:0x8e45179e44394160!8m2!3d43.258539!4d-2.93348',4,1,'Deportes'),('Gimnasio Dena','https://www.google.es/maps/place/Gimnasio+DENA+BILBAO/@43.249568,-2.9177187,17z/data=!3m1!4b1!4m5!3m4!1s0xd4e4e4a29004783:0x9dca1c9527adf75e!8m2!3d43.249568!4d-2.91553',4,1,'Deportes'),('Gimnasio Mens Sana Bilbao','https://www.google.es/maps/place/Gimnasio+Mens+Sana+Bilbao/@43.2650068,-2.9271522,17z/data=!3m1!4b1!4m5!3m4!1s0xd4e4fc5bd561e3f:0xe2866848247c5298!8m2!3d43.2650068!4d-2.9249635',5,1,'Deportes'),('Gran Bilbao','https://www.google.es/maps/place/Hotel+Gran+Bilbao/@43.2490566,-2.9215253,17z/data=!3m1!4b1!4m5!3m4!1s0xd4e4e35d93f2259:0x43ebff410cb03786!8m2!3d43.2490566!4d-2.9193366',4,1,'Alojamiento'),('Grúa Carola','https://www.google.es/maps/place/La+gr%C3%BAa+Carola/@43.2668372,-2.9493336,17z/data=!3m1!4b1!4m5!3m4!1s0xd4e5024b1dadda5:0x898a4b9e145286e9!8m2!3d43.2668333!4d-2.9471449',5,1,'Monumentos'),('Guggenheim','https://www.google.es/maps/place/Museo+Guggenheim+Bilbao/@43.2686712,-2.9362005,17z/data=!3m1!4b1!4m5!3m4!1s0xd4e4fdede6031b5:0x508893b7cdaf6dad!8m2!3d43.2686712!4d-2.9340118',5,4,'Monumentos'),('Gure toki','https://www.google.es/maps/place/Gure+Toki/@43.2593466,-2.9245627,17z/data=!3m1!4b1!4m5!3m4!1s0xd4e4fc9320f26d9:0x5d1d8c16e9381b52!8m2!3d43.2593466!4d-2.922374',4,1,'Restaurantes'),('Happy Pills','https://www.google.es/maps/place/Happy+Pills/@43.2626872,-2.9404977,17z/data=!3m1!4b1!4m5!3m4!1s0xd4e50280a326697:0x2d8dfb0f45eb4ed3!8m2!3d43.2626872!4d-2.938309',4,1,'Compras'),('Harrobia','https://www.google.es/maps/place/Harrobia/@43.2577204,-2.9272161,17z/data=!3m1!4b1!4m5!3m4!1s0xd4e4fcdcd7d896f:0xc3c24296780e3864!8m2!3d43.2577204!4d-2.9250274',3,1,'Restaurantes'),('Hostal Begoña','https://www.google.es/maps/place/Hostal+Bego%C3%B1a/@43.2610848,-2.9279584,17z/data=!3m1!4b1!4m5!3m4!1s0xd4e4fcfae46a897:0x461701988e22a9f9!8m2!3d43.2610848!4d-2.9257697',4,1,'Alojamiento'),('Hostal Central','https://www.google.es/maps/place/Hostal+Central/@43.261605,-2.9376048,17z/data=!3m1!4b1!4m5!3m4!1s0xd4e502795555555:0xf988b8f4df166a85!8m2!3d43.261605!4d-2.9354161',4,1,'Alojamiento'),('Hot Dog´s House','https://www.google.es/maps/place/Hot+Dog\'s+House/@43.2596086,-2.9404055,17z/data=!3m1!4b1!4m5!3m4!1s0xd4e5029c4a1621f:0x9f407f690c3df16!8m2!3d43.2596086!4d-2.9382168',4,1,'Restaurantes'),('Hotel Abando','https://www.google.es/maps/place/HOTEL+ABANDO/@43.2623258,-2.9294726,17z/data=!3m1!4b1!4m5!3m4!1s0xd4e4fcfe43ccbf5:0x1507ae581e2d30ba!8m2!3d43.2623258!4d-2.9272839',4,1,'Alojamiento'),('Hotel Arenal Bilbao','https://www.google.es/maps/place/Hotel+Arenal+Bilbao/@43.2596562,-2.9255263,17z/data=!3m1!4b1!4m5!3m4!1s0xd4e4fceb6beb909:0xbfc1c6208794423!8m2!3d43.2596562!4d-2.9233376',4,1,'Alojamiento'),('Hotel Bilbi','https://www.google.es/maps/place/Hotel+Bilbi/@43.254731,-2.9281516,17z/data=!3m1!4b1!4m5!3m4!1s0xd4e4fcd2263ed17:0x6fd50c9b20d1851b!8m2!3d43.254731!4d-2.9259629',3,1,'Alojamiento'),('Hotel Bilborooms','https://www.google.es/maps/place/Hotel+Bilborooms/@43.2584975,-2.9261977,17z/data=!3m1!4b1!4m5!3m4!1s0xd4e4fce9e4c0d7b:0x9064bb3dbdaa2fc3!8m2!3d43.2584975!4d-2.924009',4,1,'Alojamiento'),('Hotel Carlton','https://www.google.es/maps/place/Hotel+Carlton/@43.2624116,-2.9370886,17z/data=!3m1!4b1!4m5!3m4!1s0xd4e4fd779aa442d:0xc273206f60b94489!8m2!3d43.2624116!4d-2.9348999',4,1,'Alojamiento'),('Hotel Hesperia Bilbao','https://www.google.es/maps/place/Hotel+Hesperia+Bilbao/@43.2679036,-2.9303267,17z/data=!3m1!4b1!4m5!3m4!1s0xd4e4fc4b154926d:0x80f608c7f5b996d9!8m2!3d43.2679036!4d-2.928138',4,1,'Alojamiento'),('Hotel Holiday Inn Bilbao','https://www.google.es/maps/place/Holiday+Inn+Bilbao/@43.257643,-2.9154037,17z/data=!3m1!4b1!4m5!3m4!1s0xd4e4fb3f552d41d:0xacdda1ccc7aec3fe!8m2!3d43.257643!4d-2.913215',4,1,'Alojamiento'),('Hotel Meliá Bilbao','https://www.google.es/maps/place/Meli%C3%A1+Bilbao/@43.267473,-2.9440435,17z/data=!3m1!4b1!4m5!3m4!1s0xd4e50212eebeb4b:0xa2f7d067a2626a2c!8m2!3d43.267473!4d-2.9418548',4,1,'Alojamiento'),('Hotel NH Villa de Bilbao','https://www.google.es/maps/place/Hotel+NH+Collection+Villa+de+Bilbao/@43.2648489,-2.9464709,17z/data=!3m1!4b1!4m5!3m4!1s0xd4e5025ad076aad:0x96184cb59249d364!8m2!3d43.2648489!4d-2.9442822',4,1,'Alojamiento'),('Hotel Silken Indautxu','https://www.google.es/maps/place/Hotel+Silken+Indautxu+Bilbao/@43.2586787,-2.941882,17z/data=!3m1!4b1!4m5!3m4!1s0xd4e5029785a8dbb:0x6b4cd70e0387bfcd!8m2!3d43.2586787!4d-2.9396933',4,1,'Alojamiento'),('Hotel Sirimiri','https://www.google.es/maps/place/Hotel+Sirimiri/@43.2542929,-2.9230885,17z/data=!3m1!4b1!4m5!3m4!1s0xd4e4fcb3086773b:0xb92fe289ebc82103!8m2!3d43.2542929!4d-2.9208998',4,1,'Alojamiento'),('Hotel Zenit Bilbao','https://www.google.es/maps/place/Hotel+Zenit+Bilbao/@43.2579997,-2.9466071,17z/data=!3m1!4b1!4m5!3m4!1s0xd4e502e82a62f01:0x2503e775fb2af33f!8m2!3d43.2579997!4d-2.9444184',4,1,'Alojamiento'),('Iglesia de los Santos Juanes','https://www.google.es/maps/place/Parroquia+de+los+Santos+Juanes/@43.257762,-2.9244557,17z/data=!3m1!4b1!4m5!3m4!1s0xd4e4fcbf7433d0b:0xcf8dd449f7c865da!8m2!3d43.2577581!4d-2.922267',5,1,'Monumentos'),('Iglesia de Sagrado Corazón','https://www.google.es/maps/place/Iglesia+del+Sagrado+Coraz%C3%B3n/@43.26091,-2.9319505,17z/data=!3m1!4b1!4m5!3m4!1s0xd4e4fd053f5a7b7:0xaccda8c94aa63784!8m2!3d43.2609061!4d-2.9297618',2,1,'Monumentos'),('Iglesia de San Antón','https://www.google.es/maps/place/Iglesia+de+San+Ant%C3%B3n/@43.255168,-2.9252782,17z/data=!3m1!4b1!4m5!3m4!1s0xd4e4fcc9a37cecb:0x6db2c5b06405b5d!8m2!3d43.2551837!4d-2.9231162',4,1,'Monumentos'),('Iglesia de San Francisco de Asís','https://www.google.es/maps/place/Iglesia+de+San+Francisco+De+As%C3%ADs/@43.2576177,-2.9352356,17z/data=!3m1!4b1!4m5!3m4!1s0xd4e4fd4090595c5:0x79a7f90d1262f9fa!8m2!3d43.2576138!4d-2.9330469',4,1,'Monumentos'),('Iglesia San José','https://www.google.es/maps/place/Iglesia+de+San+Jos%C3%A9/@43.2648462,-2.9382299,17z/data=!3m1!4b1!4m5!3m4!1s0xd4e4fd85ac49067:0xaef1b0f02c96afd0!8m2!3d43.2648423!4d-2.9360412',4,1,'Monumentos'),('Iglesia San Nicolás','https://www.google.es/maps/place/Iglesia+de+San+Nicol%C3%A1s/@50.0879204,14.4176823,17z/data=!3m1!4b1!4m5!3m4!1s0x470b94e9193c2ed1:0x6a6a7bfa0f9d529!8m2!3d50.087917!4d14.419871',5,1,'Monumentos'),('Iglesia San Vicente','https://www.google.es/maps/place/Parroquia+de+San+Vicente+M%C3%A1rtir+de+Abando/@43.2635604,-2.9302633,17z/data=!3m1!4b1!4m5!3m4!1s0xd4e4fdaa609c827:0x9a05bd4705baa29f!8m2!3d43.2635565!4d-2.9280746',4,1,'Monumentos'),('Ilunion Bilbao','https://www.google.es/maps/place/ILUNION+Bilbao/@43.2640199,-2.9467188,17z/data=!3m1!4b1!4m5!3m4!1s0xd4e5025a2f9d0cd:0xdaa8dd4bd580becb!8m2!3d43.2640199!4d-2.9445301',4,1,'Alojamiento'),('Juguettos','https://www.google.es/maps/place/Juguettos/@43.262662,-2.9404047,17z/data=!4m8!1m2!2m1!1sjuguettos+bilbao!3m4!1s0xd4e502f487c21b9:0x73f442863ef8ca27!8m2!3d43.2616961!4d-2.9432581',4,1,'Compras'),('Kafe Antzokia','https://www.google.es/maps/place/Kafe+Antzokia/@43.2638,-2.9301737,17z/data=!3m1!4b1!4m5!3m4!1s0xd4e4fdab02a96b7:0x29edec3df156f860!8m2!3d43.2638!4d-2.927985',4,1,'Fiesta'),('KFC Casco Viejo','https://www.google.es/maps/place/Kentucky+Fried+Chicken/@43.2596076,-2.9469716,15z/data=!4m8!1m2!2m1!1sKFC!3m4!1s0xd4e4fced4a027ff:0x67414d28caa97eda!8m2!3d43.2605299!4d-2.9226788',3,1,'Restaurantes'),('KFC Centro','https://www.google.es/maps/place/KFC/@43.2596082,-2.9469716,15z/data=!4m8!1m2!2m1!1sKFC!3m4!1s0xd4e4fd60f6f0ded:0x1a2e394349dafb35!8m2!3d43.2586322!4d-2.9369296',4,1,'Restaurantes'),('KIKO Make Up Milano','https://www.google.es/maps/place/KIKO+Make+Up+Milano/@43.2626617,-2.9469708,15z/data=!4m8!1m2!2m1!1sKIKO+BILBAO!3m4!1s0x0:0xea21ca1ad506754f!8m2!3d43.2621222!4d-2.9370779',3,1,'Compras'),('Kokken','https://www.google.es/maps/place/Kokken/@43.2640238,-2.9241877,17z/data=!3m1!4b1!4m5!3m4!1s0xd4e4fc60e5c200d:0xffbbe4fdfa2b5a6a!8m2!3d43.2640238!4d-2.921999',4,1,'Restaurantes'),('Krunch Abando','https://www.google.es/maps/place/Krunch/@43.2623947,-2.9352171,15z/data=!4m8!1m2!2m1!1skrunch!3m4!1s0x0:0xcbf421c80c52825c!8m2!3d43.260417!4d-2.9310858',3,1,'Restaurantes'),('Krunch Moyua','https://www.google.es/maps/place/Krunch/@43.2640198,-2.9395086,14z/data=!4m8!1m2!2m1!1skrunch!3m4!1s0x0:0xfa892afe30f5da7b!8m2!3d43.2651516!4d-2.9353666',4,1,'Restaurantes'),('Krunch Zubiarte','https://www.google.es/maps/place/Krunch/@43.2633974,-2.9510099,14z/data=!3m1!5s0xd4e50212eac6c8f:0xddb1df124f89fb5e!4m8!1m2!2m1!1skrunch!3m4!1s0x0:0xd57cdee1042c3416!8m2!3d43.2681438!4d-2.9405862',3,1,'Restaurantes'),('Kukuxumusu','https://www.google.es/maps/place/Kukuxumusu/@43.2622648,-2.9394472,17z/data=!3m1!4b1!4m5!3m4!1s0xd4e50280958a31f:0xb542e213b436e75f!8m2!3d43.2622648!4d-2.9372585',3,1,'Compras'),('Kuma','https://www.google.es/maps/place/KUMA/@43.2650667,-2.9331296,17z/data=!3m1!4b1!4m5!3m4!1s0xd4e4fda4e3b3507:0x75fbdfcc64570b02!8m2!3d43.2650667!4d-2.9309409',4,4,'Restaurantes'),('La Bendita','https://www.google.es/maps/place/la+bendita/@43.2570373,-2.9261823,17z/data=!3m1!4b1!4m5!3m4!1s0xd4e4fcc41f15b3d:0xd50c7ab30ebd778!8m2!3d43.2570373!4d-2.9239936',2,1,'Compras'),('La Bola de Cristal','https://www.google.es/maps/place/La+Bola+de+Cristal+Latina/@43.2626994,-2.9267299,17z/data=!3m1!4b1!4m5!3m4!1s0xd4e4fcf7a7300c1:0xc9f5b9e9a1dee21b!8m2!3d43.2626994!4d-2.9245412',3,1,'Fiesta'),('La Casa de Atrás','https://www.google.es/maps/place/La+Casa+de+Atr%C3%A1s/@43.25768,-2.9203996,17z/data=!3m1!4b1!4m5!3m4!1s0xd4e4fca0e02d493:0xd53158062bdf3ba5!8m2!3d43.25768!4d-2.9182109',4,1,'Compras'),('La Cruz Blanca','https://www.google.es/maps/place/Cervecer%C3%ADa+Cruz+Blanca/@43.262394,-2.9352171,15z/data=!4m8!1m2!2m1!1sLa+Cruz+Blanca!3m4!1s0x0:0xc7ff951983c2232!8m2!3d43.2618683!4d-2.9433891',4,1,'Restaurantes'),('La Iguana & Co','https://www.google.es/maps/place/La+Iguana+%26+Co/@43.2560463,-2.9266344,17z/data=!3m1!4b1!4m5!3m4!1s0xd4e4fcc57e17f53:0x86321b12da46e579!8m2!3d43.2560463!4d-2.9244457',5,1,'Compras'),('La Luna','https://www.google.es/maps/place/La+Luna/@43.2561638,-2.9250661,17z/data=!3m1!4b1!4m5!3m4!1s0xd4e4fcb1ab4d609:0x519a76952b1e9ad8!8m2!3d43.2561638!4d-2.9228774',4,1,'Compras'),('La Mafia','https://www.google.es/maps/place/La+Mafia+Bilbao/@43.2623933,-2.9352171,15z/data=!3m1!5s0xd4e50212eac6c8f:0xddb1df124f89fb5e!4m8!1m2!2m1!1sLa+Mafia!3m4!1s0xd4e502133dd8187:0x93fef7c4bff342b9!8m2!3d43.2680126!4d-2.9401266',4,1,'Restaurantes'),('La Mary','https://www.google.es/maps/place/La+Mary/@43.2600664,-2.9379892,17z/data=!3m1!4b1!4m5!3m4!1s0xd4e4fd64e42df65:0x3503891bcb026b4e!8m2!3d43.2600664!4d-2.9358005',4,1,'Restaurantes'),('La Matilda Etxeko Ptxiak','https://www.google.es/maps/place/La+Matilda+Etxeko+Pitxiak/@43.2580985,-2.9278171,17z/data=!3m1!4b1!4m5!3m4!1s0xd4e4fcdd71831c7:0xe5ad322da504afa8!8m2!3d43.2580985!4d-2.9256284',4,1,'Compras'),('La Petite Fromagerie','https://www.google.es/maps/place/La+Petite+Fromagerie/@43.2650491,-2.9365106,17z/data=!3m1!4b1!4m5!3m4!1s0xd4e4fd9a44f1523:0xc035df80a8d818e3!8m2!3d43.2650491!4d-2.9343219',4,1,'Compras'),('La Quesería','https://www.google.es/maps/place/La+queser%C3%ADa/@43.2583162,-2.9268664,17z/data=!3m1!4b1!4m5!3m4!1s0xd4e4fcc281c6abb:0x5458bf87e92d0c39!8m2!3d43.2582734!4d-2.9246621',4,1,'Compras'),('La Taberna de los Mundos','https://www.google.es/maps/place/La+Taberna+De+Los+Mundos/@43.2612856,-2.9431736,14z/data=!4m8!1m2!2m1!1sLa+Taberna+de+los+Mundos!3m4!1s0x0:0x34f2361452e4b3ce!8m2!3d43.2603232!4d-2.9304099',4,1,'Restaurantes'),('Las Meninas Bilbao','https://www.google.es/maps/place/Las+Meninas+Bilbao/@43.2533793,-2.917779,17z/data=!3m1!4b1!4m5!3m4!1s0xd4e4e4ad1a436c1:0xe263f937259af18c!8m2!3d43.2533793!4d-2.9155903',4,1,'Compras'),('Los Caprichos de Camille','https://www.google.es/maps/place/Los+Caprichos+de+Camille/@43.263036,-2.9326267,17z/data=!3m1!4b1!4m5!3m4!1s0xd4e4fd0820fbe9f:0xa6cde16d6e139df4!8m2!3d43.263036!4d-2.930438',3,1,'Compras'),('LUPITA','https://www.google.es/maps/place/LUPITA/@43.2569634,-2.9247253,17z/data=!3m1!4b1!4m5!3m4!1s0xd4e4fcb8a062e6f:0x7b6dfbb0825efd13!8m2!3d43.2569634!4d-2.9225366',3,1,'Compras'),('Mami Lou Cupcake','https://www.google.es/maps/place/Mami+Lou+Cupcake/@43.2662832,-2.9355564,17z/data=!3m1!4b1!4m5!3m4!1s0xd4e4fd965c9e01b:0xe20607a98423eac8!8m2!3d43.2662832!4d-2.9333677',4,1,'Restaurantes'),('MANGO','https://www.google.es/maps/place/MANGO+-+BILBAO/@43.2625939,-2.9359443,17z/data=!3m1!4b1!4m5!3m4!1s0xd4e4fd75df47545:0x23f65d721a87565e!8m2!3d43.2625939!4d-2.9337556',2,1,'Compras'),('Mao','https://www.google.es/maps/place/Mao/@43.2635162,-2.9320976,17z/data=!3m1!4b1!4m5!3m4!1s0xd4e4fda869ab8cd:0xfdaf9524816bd24a!8m2!3d43.2635162!4d-2.9299089',4,1,'Restaurantes'),('Mao mao beach','https://www.google.es/maps/place/Olagorta+Kalea,+30,+48014+Bilbo,+Bizkaia/@43.2730828,-2.9637057,20z/data=!4m5!3m4!1s0xd4e5069ecee0637:0x7f2cfbd719104f57!8m2!3d43.2729041!4d-2.9634576',1,1,'Fiesta'),('Massimo Dutti','https://www.google.es/maps/place/Massimo+Dutti/@43.2625935,-2.9425104,15z/data=!4m8!1m2!2m1!1sMASSIMO+DUTTI+BILBAO!3m4!1s0x0:0x829d47a274da62de!8m2!3d43.2625793!4d-2.9320782',3,1,'Compras'),('Mazarredo','https://www.google.es/maps/search/mazarredo/@43.2617743,-2.9482663,15z/data=!3m1!4b1',4,7,'Fiesta'),('McDonalds','https://www.google.es/maps/place/McDonald\'s/@43.2678604,-2.9435944,17z/data=!3m2!4b1!5s0xd4e50212eac6c8f:0xddb1df124f89fb5e!4m5!3m4!1s0xd4e5026d408201f:0x89102b2ece9fde31!8m2!3d43.2678604!4d-2.9414057',3,1,'Restaurantes'),('Mercado de la Ribera','https://www.google.es/maps/place/Mercado+de+la+Ribera/@43.2555755,-2.9263947,17z/data=!3m1!4b1!4m5!3m4!1s0xd4e4fccf16e6fdf:0xed7b2fb4ade2b55f!8m2!3d43.2555716!4d-2.924206',4,1,'Monumentos'),('Mesón Lersundi','https://www.google.es/maps/place/Mes%C3%B3n+Lersundi/@43.2665853,-2.9333082,17z/data=!3m1!4b1!4m5!3m4!1s0xd4e4fdbbe50b2d5:0xa8c21de0b1d64c14!8m2!3d43.2665853!4d-2.9311195',4,1,'Restaurantes'),('Metro Casco Viejo','https://www.google.es/maps/place/Casco+Viejo/@43.2587948,-2.9297068,16z/data=!4m8!1m2!2m1!1sestacion+metro+bilbao!3m4!1s0x0:0xbf303f196c03a91a!8m2!3d43.2596796!4d-2.9207097',5,1,'Transportes'),('Metro Deusto','https://www.google.es/maps/place/Deusto/@43.2688577,-2.9495551,16z/data=!4m8!1m2!2m1!1sestacion+metro+bilbao!3m4!1s0xd4e503d70262365:0x64b3a02c82773f17!8m2!3d43.2714502!4d-2.9495394',4,1,'Transportes'),('Metro Indautxu','https://www.google.es/maps/place/Indautxu/@43.2587635,-2.939706,16z/data=!4m8!1m2!2m1!1sestacion+metro+bilbao!3m4!1s0xd4e5028c6728a0d:0x1b7eabf31d879b1c!8m2!3d43.2608272!4d-2.9401115',4,1,'Transportes'),('Metro Moyua','https://www.google.es/maps/place/Moyua/@43.2587948,-2.9297068,16z/data=!4m8!1m2!2m1!1sestacion+metro+bilbao!3m4!1s0xd4e4fd750e515f5:0x5a6240788664480d!8m2!3d43.26259!4d-2.93308',4,1,'Transportes'),('Metro San Mamés','https://www.google.es/maps/place/San+Mam%C3%A9s/@43.2596855,-2.9438044,16z/data=!4m8!1m2!2m1!1sestacion+metro+bilbao!3m4!1s0xd4e502f8b3331ef:0x9aecbf2b2442eedb!8m2!3d43.2626828!4d-2.9461196',4,1,'Transportes'),('Metropolitan Isozaki','https://www.google.es/maps/place/Metropolitan+Isozaki/@43.2653714,-2.93025,17z/data=!3m1!4b1!4m5!3m4!1s0xd4e4fdb23f6633f:0x474258ba3d6af0d8!8m2!3d43.2653714!4d-2.9280613',4,1,'Deportes'),('Miramar','https://www.google.es/maps/place/Restaurante+Miramar/@43.2765356,-2.9209737,17z/data=!3m1!4b1!4m5!3m4!1s0xd4e4feaf23c1289:0x57c27d717c64461b!8m2!3d43.2765356!4d-2.918785',4,1,'Restaurantes'),('MIU','https://www.google.es/maps/place/Miu+Japones/@43.2603587,-2.9381085,17z/data=!3m1!4b1!4m5!3m4!1s0xd4e4fd64c58d3ed:0xd95818dc1f1d0ebd!8m2!3d43.2603587!4d-2.9359198',4,1,'Restaurantes'),('Moon Hostel Bio','https://www.google.es/maps/place/Moon+Hostel+Bio/@43.272298,-2.9489609,17z/data=!3m1!4b1!4m5!3m4!1s0xd4e5022a77fcbc7:0x766b1408d2018bed!8m2!3d43.272298!4d-2.9467722',4,1,'Alojamiento'),('Mr. Wok','https://www.google.es/maps/place/Mr.+Wok/@43.2681316,-2.9430939,17z/data=!3m2!4b1!5s0xd4e50212eac6c8f:0xddb1df124f89fb5e!4m5!3m4!1s0xd4e502130418f4f:0xd8d7e5283d04c172!8m2!3d43.2681316!4d-2.9409052',4,1,'Restaurantes'),('Muga Taberna','https://www.google.es/maps/place/Bar+Muga/@43.2579308,-2.9237292,17z/data=!3m1!4b1!4m5!3m4!1s0xd4e4fcbe63fb129:0x2be9b0b0d4543ef9!8m2!3d43.2579308!4d-2.9215405',4,1,'Restaurantes'),('Museo de Bellas Artes','https://www.google.es/maps/place/Museo+de+Bellas+Artes+de+Bilbao/@43.2657718,-2.9402938,17z/data=!3m1!4b1!4m5!3m4!1s0xd4e5027635ab99d:0xe06f68be9beee8f1!8m2!3d43.2657679!4d-2.9381051',4,1,'Monumentos'),('Museo Guggenheim','https://www.google.es/maps/place/Museo+Guggenheim+Bilbao/@43.2686751,-2.9362005,17z/data=!3m1!4b1!4m5!3m4!1s0xd4e4fdede6031b5:0x508893b7cdaf6dad!8m2!3d43.2686712!4d-2.9340118',4,1,'Monumentos'),('Museo Marítimo Ría de Bilbao','https://www.google.es/maps/place/Museo+Mar%C3%ADtimo+R%C3%ADa+de+Bilbao/@43.2663319,-2.9483917,17z/data=!3m1!4b1!4m5!3m4!1s0xd4e5024a340460f:0x2159b591e59b5ab6!8m2!3d43.266328!4d-2.946203',4,1,'Monumentos'),('Museo Vasco','https://www.google.es/maps/place/Euskal+Museoa+Bilbao+Museo+Vasco/@43.2581576,-2.9238062,17z/data=!3m1!4b1!4m5!3m4!1s0xd4e4fcbe6ad6ea1:0xcd16db816ca83d71!8m2!3d43.2581537!4d-2.9216175',4,1,'Monumentos'),('Nivel3','https://www.google.es/maps/place/Nivel3/@43.2603166,-2.945691,17z/data=!3m1!4b1!4m5!3m4!1s0xd4e502f20bd5663:0x3f7bf3f689f1501b!8m2!3d43.2603166!4d-2.9435023',4,1,'Deportes'),('Onfit Center','https://www.google.es/maps/place/Onfit+Center+Electrofitness+Bilbao/@43.2619953,-2.9387435,17z/data=!3m1!4b1!4m5!3m4!1s0xd4e4fdaedb0d9ab:0xeec632e1e8b06b8!8m2!3d43.2619953!4d-2.9365548',0,1,'Deportes'),('Otxoa Pub','https://www.google.es/maps/place/Otxoa/@43.266721,-2.9338324,17z/data=!3m1!4b1!4m5!3m4!1s0xd4e4fdbc28e4181:0x59fcd86cb26ab38d!8m2!3d43.266721!4d-2.9316437',4,1,'Fiesta'),('Pacífico','https://www.google.es/maps/place/Pacifico/@43.2598854,-2.9362084,16z/data=!3m1!4b1!4m5!3m4!1s0xd4e4fd7b4d00ea1:0x6077704732d963c6!8m2!3d43.2602426!4d-2.9326009',4,1,'Restaurantes'),('Palacio Chávarri','https://www.google.es/maps/place/Palacio+Ch%C3%A1varri/@43.2634342,-2.9378368,17z/data=!3m1!4b1!4m5!3m4!1s0xd4e4fd82f90eb5f:0xd98d908258a74b97!8m2!3d43.2634303!4d-2.9356481',3,1,'Monumentos'),('Palacio Diputación Foral de Bizkaia','https://www.google.es/maps/place/Palacio+de+la+Diputaci%C3%B3n+Foral+de+Vizcaya/@43.2620705,-2.9342883,17z/data=!3m1!4b1!4m5!3m4!1s0xd4e4fd0b0954bb1:0xaf8a660512fc2531!8m2!3d43.2620666!4d-2.9320996',4,1,'Monumentos'),('Palacio Euskalduna Jaureguia','https://www.google.es/maps/place/Palacio+Euskalduna+Jauregia/@43.2669189,-2.9467097,17z/data=!3m2!4b1!5s0xd4e50247040988f:0x5d0e1305b758668c!4m5!3m4!1s0xd4e502463ab4003:0xdd291c55d656c0a1!8m2!3d43.266915!4d-2.944521',5,1,'Monumentos'),('Paragüería Leoz','https://www.google.es/maps/place/Paragueria+Leoz/@43.2569136,-2.9262201,17z/data=!3m1!4b1!4m5!3m4!1s0xd4e4fcc417b4999:0x7a803268644b15a!8m2!3d43.2569136!4d-2.9240314',2,1,'Compras'),('Parfois','https://www.google.es/maps/place/Parfois/@43.2569132,-2.9327862,15z/data=!4m8!1m2!2m1!1sParfois+bilbao!3m4!1s0x0:0xf627a7f06de6bd45!8m2!3d43.2621554!4d-2.9325289',3,1,'Compras'),('Parque Doña Casilda Iturrizar','https://www.google.es/maps/place/Casilda+Iturrizar+Parkea,+48009+Bilbo,+Bizkaia/@43.2649222,-2.9429508,17z/data=!3m1!4b1!4m5!3m4!1s0xd4e50268c4e10bd:0xaf5ef40f9d5df73a!8m2!3d43.2649183!4d-2.9407621',3,1,'Monumentos'),('Pastelería Don Manuel','https://www.google.es/maps/place/Pasteler%C3%ADa+Don+Manuel/@43.2598196,-2.937747,17z/data=!3m1!4b1!4m5!3m4!1s0xd4e4fd65af69425:0x1233aca87fad13c5!8m2!3d43.2598196!4d-2.9355583',5,1,'Restaurantes'),('Pastelería Martina de Zuricalday','https://www.google.es/maps/place/Pasteler%C3%ADa+Martina+de+Zuricalday/@43.263425,-2.9439797,17z/data=!3m1!4b1!4m5!3m4!1s0xd4e5026101f6ca1:0xd3e98c1468b86a9!8m2!3d43.263425!4d-2.941791',4,1,'Restaurantes'),('Pensión Arias','https://www.google.es/maps/place/Pensi%C3%B3n+Arias/@43.2564066,-2.9483193,17z/data=!3m1!4b1!4m5!3m4!1s0xd4e502dbef4716b:0xc8b0976db7ec8876!8m2!3d43.2564066!4d-2.9461306',4,1,'Alojamiento'),('Pensión Don Claudio','https://www.google.es/maps/place/Pensi%C3%B3n+Don+Claudio/@43.27779,-2.9754387,17z/data=!3m1!4b1!4m5!3m4!1s0xd4e506392c4d7ad:0xb167dfa7dbd3114a!8m2!3d43.27779!4d-2.97325',4,1,'Alojamiento'),('Pensión Mardones','https://www.google.es/maps/place/Mardones/@43.2581999,-2.9273593,17z/data=!3m1!4b1!4m5!3m4!1s0xd4e4fcdd44c5ed7:0x1b8a14ac05c1f299!8m2!3d43.2581999!4d-2.9251706',4,1,'Alojamiento'),('Pensión Méndez','https://www.google.es/maps/place/Pensi%C3%B3n+M%C3%A9ndez/@43.2577371,-2.9275625,17z/data=!3m1!4b1!4m5!3m4!1s0xd4e4fcdd1bf6dbb:0xd6634ca0b2e0f952!8m2!3d43.2577371!4d-2.9253738',4,1,'Alojamiento'),('Pensión Roquefer','https://www.google.es/maps/place/Pensi%C3%B3n+Roquefer/@43.2577974,-2.9262209,17z/data=!3m1!4b1!4m5!3m4!1s0xd4e4fcc3d6f01a9:0x4174e0cd33ac4069!8m2!3d43.2577974!4d-2.9240322',4,1,'Alojamiento'),('Perfumería If','https://www.google.es/maps/place/Perfumer%C3%ADas+If/@43.2626868,-2.9470638,15z/data=!4m8!1m2!2m1!1sif+bilbao!3m4!1s0x0:0xcfbe2609f88bcd3d!8m2!3d43.2613487!4d-2.9267487',2,1,'Compras'),('Persuade','https://www.google.es/maps/place/Persuade/@43.2617757,-2.9275078,17z/data=!4m12!1m6!3m5!1s0xd4e4fcfa1457393:0xb6cafbbba3496c80!2sPersuade!8m2!3d43.2617757!4d-2.9253191!3m4!1s0xd4e4fcfa1457393:0xb6cafbbba3496c80!8m2!3d43.2617757!4d-2.9253191',4,1,'Compras'),('Petit Palace Arana','https://www.google.es/maps/place/Petit+Palace+Arana/@43.2591609,-2.9268708,17z/data=!3m1!4b1!4m5!3m4!1s0xd4e4fce8edf99b9:0x192d894e0d2e822!8m2!3d43.2591609!4d-2.9246821',4,1,'Alojamiento'),('Pikata','https://www.google.es/maps/place/Pikata/@43.2643919,-2.9325859,17z/data=!3m1!4b1!4m5!3m4!1s0xd4e4fda5dd7f241:0x6f22e5459c509162!8m2!3d43.2643919!4d-2.9303972',4,1,'Restaurantes'),('Pil Pil Hostel','https://www.google.es/maps/place/Pil+Pil+Hostel/@43.262797,-2.9487287,17z/data=!3m1!4b1!4m5!3m4!1s0xd4e50255e494f9d:0x6509b3f1798f8e4f!8m2!3d43.262797!4d-2.94654',4,1,'Alojamiento'),('Plaza Arriquibar','https://www.google.es/maps/place/Arriqu%C3%ADbar+Plaza,+Bilbo,+Bizkaia/@43.2600387,-2.9382734,17z/data=!3m1!4b1!4m5!3m4!1s0xd4e4fd64898c33f:0x2217f8e6e591626!8m2!3d43.2600348!4d-2.9360847',2,1,'Monumentos'),('Plaza Circular','https://www.google.es/maps/place/Plaza+Biribila,+Bilbo,+Bizkaia/@43.2611825,-2.929445,17z/data=!3m1!4b1!4m5!3m4!1s0xd4e4fcfd0967879:0xd896e46c00bb875c!8m2!3d43.2611786!4d-2.9272563',3,2,'Monumentos'),('Plaza Miguel de Unamuno','https://www.google.es/maps/place/Unamuno+Miguel+Plaza,+48006+Bilbo,+Bizkaia/@43.2585946,-2.923933,17z/data=!3m1!4b1!4m5!3m4!1s0xd4e4fcbe1f55db7:0x4dbc90a1e9941499!8m2!3d43.2585907!4d-2.9217443',4,1,'Monumentos'),('Plaza Moyúa','https://www.google.es/maps/place/Federico+Moy%C3%BAa+Plaza,+48009+Bilbo,+Bizkaia/@43.2626731,-2.9373646,17z/data=!3m1!4b1!4m5!3m4!1s0xd4e4fd77cf75557:0xf7568ccc8c4c758e!8m2!3d43.2626692!4d-2.9351759',3,1,'Monumentos'),('Plaza Nueva','https://www.google.es/maps/place/Plaza+Nueva%2FPlaza+Barria/@43.2590394,-2.9248899,17z/data=!3m1!4b1!4m5!3m4!1s0xd4e4fcead866d09:0xe5854db14d782e4f!8m2!3d43.2590355!4d-2.9227012',4,1,'Monumentos'),('Polideportivo de Abusu- La Peña','https://www.google.es/maps/place/Polideportivo+Abusu-La+Pe%C3%B1a/@43.2408388,-2.9265636,17z/data=!3m1!4b1!4m5!3m4!1s0xd4e4e3bc298daa9:0x41bb3e68956c1dc3!8m2!3d43.2408388!4d-2.9243749',3,1,'Deportes'),('Polideportivo de Artxanda','https://www.google.es/maps/place/Polideportivo+de+Artxanda/@43.2733438,-2.9198625,17z/data=!3m1!4b1!4m5!3m4!1s0xd4e4feaab609d73:0x9ee7821141f17092!8m2!3d43.2733438!4d-2.9176738',5,1,'Deportes'),('Polideportivo de Atxuri','https://www.google.es/maps/place/Polideportivo+Atxuri/@43.2532949,-2.9221782,17z/data=!3m1!4b1!4m5!3m4!1s0xd4e4e3525fc74bd:0x648dc73f4cf11cc1!8m2!3d43.2532949!4d-2.9199895',4,1,'Deportes'),('Polideportivo de Deusto','https://www.google.es/maps/place/Polideportivo+Municipal+de+Deusto/@43.268649,-2.9498948,17z/data=!3m1!4b1!4m5!3m4!1s0xd4e503ccaf30383:0xc137ba95a07b7882!8m2!3d43.268649!4d-2.9477061',4,1,'Deportes'),('Polideportivo de La Casilla','https://www.google.es/maps/place/La+Casilla/@43.256684,-2.9461667,17z/data=!3m1!4b1!4m5!3m4!1s0xd4e502e091767c3:0xc11975a60a44fbc4!8m2!3d43.256684!4d-2.943978',4,1,'Deportes'),('Polideportivo de Miribilla','https://www.google.es/maps/place/Polideportivo+Miribilla/@43.2686476,-2.9652157,14z/data=!4m8!1m2!2m1!1sPolideportivo+de+Miribilla!3m4!1s0xd4e4e32da9558f7:0x203914e68791b479!8m2!3d43.2528514!4d-2.9256322',4,1,'Deportes'),('Polideportivo de Rekaldeberri','https://www.google.es/maps/place/Polideportivo+de+Rekalde/@43.2460083,-2.9389482,17z/data=!3m1!4b1!4m5!3m4!1s0xd4e51d67c51bfc3:0xdf7bdd76146f4dce!8m2!3d43.2460083!4d-2.9367595',3,1,'Deportes'),('Polideportivo de San Ignacio','https://www.google.es/maps/place/Polideportivo+Municipal+De+San+Ignacio/@43.2799588,-2.9612072,17z/data=!3m1!4b1!4m5!3m4!1s0xd4e506d71fc9cdd:0x85f48ef1e08b0218!8m2!3d43.2799588!4d-2.9590185',4,1,'Deportes'),('Polideportivo de Txurdinaga','https://www.google.es/maps/place/Polideportivo+de+Txurdinaga/@43.2501153,-2.9105884,17z/data=!3m1!4b1!4m5!3m4!1s0xd4e4e4d5ae1a639:0xc1e465fcc8e21162!8m2!3d43.2501153!4d-2.9083997',4,1,'Deportes'),('Polideportivo de Zorroza','https://www.google.es/maps/place/Polideportivo+de+Zorroza/@43.2775846,-2.9761121,17z/data=!3m1!4b1!4m5!3m4!1s0xd4e5063851bf1d1:0xb728d7c6cd5156da!8m2!3d43.2775846!4d-2.9739234',4,1,'Deportes'),('Porrue','https://www.google.es/maps/place/Restaurante+Porrue/@43.2673716,-2.9355421,17z/data=!3m1!4b1!4m5!3m4!1s0xd4e4fd94e426f01:0xa0a2dba18499c440!8m2!3d43.2673716!4d-2.9333534',3,1,'Restaurantes'),('Pozas','https://www.google.es/maps/place/Pozas,+Bilbao,+Vizcaya/@43.2617747,-2.9417002,17z/data=!3m1!4b1!4m5!3m4!1s0xd4e502879003dfb:0xdc4750aea8d3f739!8m2!3d43.2617747!4d-2.9395115',3,5,'Fiesta'),('Public Lounge','https://www.google.es/maps/place/Public+Lounge/@43.2656594,-2.9383969,17z/data=!3m1!4b1!4m5!3m4!1s0xd4e4fd8f366cd6b:0x29561dcd6413561e!8m2!3d43.2656594!4d-2.9362082',4,1,'Fiesta'),('Puente de la Salve','https://www.google.es/maps/place/Puente+de+La+Salve/@43.2693881,-2.9339768,17z/data=!3m1!4b1!4m5!3m4!1s0xd4e4fdc3b81074d:0x3010648073f10e77!8m2!3d43.2693842!4d-2.9317881',3,1,'Monumentos'),('Puente Euskalduna','https://www.google.es/maps/place/Puente+Euskalduna/@43.2675548,-2.9486706,17z/data=!3m1!4b1!4m5!3m4!1s0xd4e50235f59bf41:0x8c6413b7e5c32e8b!8m2!3d43.2675509!4d-2.9464819',4,1,'Monumentos'),('Puente Pedro Arrupe','https://www.google.es/maps/place/Pedro+Arrupe+Zubia,+Bilbo,+Bizkaia/@43.2696528,-2.9391154,17z/data=!3m1!4b1!4m5!3m4!1s0xd4e4fdf7078dca7:0xbbfde430892f3398!8m2!3d43.2696489!4d-2.9369267',3,1,'Monumentos'),('Punjabi','https://www.google.es/maps/place/Punjabi/@43.2661698,-2.9360355,17z/data=!3m1!4b1!4m5!3m4!1s0xd4e4fd96cb1e0e7:0xa95ad8da7085947a!8m2!3d43.2661698!4d-2.9338468',4,1,'Restaurantes'),('Puppy','https://www.google.es/maps/place/Puppy/@43.2676193,-2.9366214,17z/data=!3m1!4b1!4m5!3m4!1s0xd4e4fd92d65dd8b:0xbdd8bf2afa4bb64b!8m2!3d43.2676154!4d-2.9344327',5,1,'Monumentos'),('Residencia Blas de Otero','https://www.google.es/maps/place/Residencia+Universitaria+Blas+de+Otero/@43.2563605,-2.93303,17z/data=!3m1!4b1!4m5!3m4!1s0xd4e4fd28f923377:0xacc124925260c507!8m2!3d43.2563605!4d-2.9308413',4,1,'Alojamiento'),('Restaurante Goikar','https://www.google.es/maps/place/Restaurante+GOIKAR/@43.283695,-2.9683357,17z/data=!3m1!4b1!4m5!3m4!1s0xd4e50705ebfe135:0x6afc96a86398b776!8m2!3d43.283695!4d-2.966147',4,1,'Restaurantes'),('Restaurante Gran Hotel Domine','https://www.google.es/maps/place/Gran+Hotel+Domine+Bilbao/@43.267526,-2.9359337,17z/data=!3m1!4b1!4m5!3m4!1s0xd4e4fd935e2313b:0xefc25468fac67f0e!8m2!3d43.267526!4d-2.933745',4,1,'Restaurantes'),('Restaurante Guggenheim','https://www.google.es/maps/place/Bistr%C3%B3+Guggenheim+Bilbao/@43.2684309,-2.9364927,17z/data=!3m1!4b1!4m5!3m4!1s0xd4e4fded1fc8079:0xc84dd16d0ec02599!8m2!3d43.268427!4d-2.934304',4,1,'Restaurantes'),('Restaurante Mandoya','https://www.google.es/maps/place/Restaurante+Mandoya/@43.2578123,-2.9268978,17z/data=!3m1!4b1!4m5!3m4!1s0xd4e4fcc2d645e01:0x42e9d0c0785a78ee!8m2!3d43.2578084!4d-2.9247091',4,1,'Restaurantes'),('Ribs','https://www.google.es/maps/place/Ribs/@43.2579198,-2.9947494,12z/data=!4m8!1m2!2m1!1sribs!3m4!1s0xd4e4fd64ae0bcc9:0x80c13638d09a10b9!8m2!3d43.2605239!4d-2.9361371',4,1,'Restaurantes'),('Sagrado Corazón de Jesús','https://www.google.es/maps/place/Monumento+al+Sagrado+Coraz%C3%B3n+de+Jes%C3%BAs/@43.2658185,-2.947686,17z/data=!3m1!4b1!4m5!3m4!1s0xd4e5024ff00baf5:0xe9854f4dab98c617!8m2!3d43.2658146!4d-2.9454973',5,1,'Monumentos'),('Sala Backstage','https://www.google.es/maps/place/Backstage/@43.2643064,-2.9299081,17z/data=!3m1!4b1!4m5!3m4!1s0xd4e4fda73f10843:0xfdf73bd3595b6008!8m2!3d43.2643064!4d-2.9277194',3,1,'Fiesta'),('Sala Vip Bilbao','https://www.google.es/maps/place/Sala+Vip+Bilbao/@43.2613028,-2.9417366,17z/data=!3m1!4b1!4m5!3m4!1s0xd4e502850bc15fb:0x8a3a8d545845203!8m2!3d43.2613028!4d-2.9395479',4,1,'Fiesta'),('San Mamés','https://www.google.es/maps/place/Estadio+San+Mam%C3%A9s/@43.2642396,-2.95161,17z/data=!3m1!4b1!4m5!3m4!1s0xd4e503004259e4f:0xdd63774224e34644!8m2!3d43.2642396!4d-2.9494213',5,1,'Deportes'),('Sarean','https://www.google.es/maps/place/Sarean/@43.2562925,-2.9297997,17z/data=!3m1!4b1!4m5!3m4!1s0xd4e4fcd8761d7db:0x7de7e1a8b70e1b70!8m2!3d43.2562886!4d-2.927611',5,1,'Restaurantes'),('Sephora','https://www.google.es/maps/place/Sephora/@43.2629115,-2.9360029,17z/data=!4m12!1m6!3m5!1s0xd4e4fd75fde3fcf:0xcb942086ada5bb1b!2sSephora!8m2!3d43.2629115!4d-2.9338142!3m4!1s0xd4e4fd75fde3fcf:0xcb942086ada5bb1b!8m2!3d43.2629115!4d-2.9338142',4,1,'Compras'),('Séptimo Cielo','https://www.google.es/maps/place/Bar+Septimo+Cielo/@43.2571849,-2.9278788,17z/data=!3m1!4b1!4m5!3m4!1s0xd4e4fcdb82adf33:0x5c79682b0dcf5fdb!8m2!3d43.2571849!4d-2.9256901',4,1,'Fiesta'),('Sercotel Coliseo','https://www.google.es/maps/place/Sercotel+Coliseo+Hotel/@43.2602066,-2.9332479,17z/data=!3m1!4b1!4m5!3m4!1s0xd4e4fd121dcc02f:0xda590ae310feff33!8m2!3d43.2602066!4d-2.9310592',4,1,'Alojamiento'),('Sidrería Asador Arriaga','https://www.google.es/maps/place/Sidrer%C3%ADa+Asador+Arriaga/@43.2578376,-2.9276085,17z/data=!3m1!4b1!4m5!3m4!1s0xd4e4fce7948c04d:0x8344008db34696c!8m2!3d43.2578337!4d-2.9254198',4,1,'Restaurantes'),('Simply City','https://www.google.es/maps/place/Simply+City/@43.2629111,-2.942569,15z/data=!4m8!1m2!2m1!1sSIMPLY+BILBAO!3m4!1s0x0:0xbd9ab335ed82df99!8m2!3d43.2625402!4d-2.9431504',3,1,'Compras'),('Soho Bilbao','https://www.google.es/maps/place/Soho/@43.2613414,-2.9350843,17z/data=!3m1!4b1!4m5!3m4!1s0xd4e4fd731803d87:0x9bb52a505c22be3c!8m2!3d43.2613414!4d-2.9328956',5,1,'Fiesta'),('Sombreros Gorostiaga','https://www.google.es/maps/place/Sombreros+Gorostiaga/@43.2585351,-2.9259067,17z/data=!3m1!4b1!4m5!3m4!1s0xd4e4fcea6d31ff9:0x722e6c43c84f89ec!8m2!3d43.2585351!4d-2.923718',2,1,'Compras'),('Sorginzulo','https://www.google.es/maps/place/Sorginzulo/@43.2593304,-2.9244688,17z/data=!3m1!4b1!4m5!3m4!1s0xd4e4fd0a53f3a91:0x1d054634e443c2c7!8m2!3d43.2593265!4d-2.9222801',4,1,'Restaurantes'),('Stradivarius','https://www.google.es/maps/place/Stradivarius/@43.2625939,-2.9359443,17z/data=!4m13!1m7!3m6!1s0xd4e4fd75d95a4b5:0x9abaf8d9b3736c8f!2sStradivarius!3b1!8m2!3d43.2625939!4d-2.9337556!3m4!1s0xd4e4fd75d95a4b5:0x9abaf8d9b3736c8f!8m2!3d43.2625939!4d-2.9337556',4,1,'Compras'),('Subway','https://www.google.es/maps/place/Subway/@43.2623013,-2.9436142,17z/data=!3m1!4b1!4m5!3m4!1s0xd4e5028a2f1da11:0x8380ca8bb15b1363!8m2!3d43.2622974!4d-2.9414255',4,1,'Restaurantes'),('Teatro Arriaga','https://www.google.es/maps/place/Teatro+Arriaga/@43.2595521,-2.9269302,17z/data=!3m1!4b1!4m5!3m4!1s0xd4e4fceeb2e3bd5:0x6f5bcd799b62ebac!8m2!3d43.2595482!4d-2.9247415',5,1,'Monumentos'),('Teatro Campos Elíseos','https://www.google.es/maps/place/Teatro+Campos+El%C3%ADseos/@43.2596352,-2.9335189,17z/data=!3m1!4b1!4m5!3m4!1s0xd4e4fd115eaa4a1:0xb78e93680bc1a200!8m2!3d43.2596313!4d-2.9313302',4,1,'Monumentos'),('Termibus','https://www.google.es/maps/place/Termibus/@43.2613238,-2.9523844,17z/data=!3m1!4b1!4m5!3m4!1s0xd4e5030e851286d:0xa86a0a32e696b913!8m2!3d43.2613238!4d-2.9501957',2,4,'Transportes'),('Tienda Oficial Athletic Club','https://www.google.es/maps/place/Tienda+Oficial+Athletic+Club+Rekalde/@43.2625935,-2.9425104,15z/data=!4m8!1m2!2m1!1sTIENDA+OFICIAL+DEL+ATHLETIC+CLUB+BILBAO!3m4!1s0xd4e4fd798f3b421:0x15d8eb89acb5b4e!8m2!3d43.2616612!4d-2.9357079',4,1,'Compras'),('Tiger','https://www.google.es/maps/place/Tiger/@43.258581,-2.9256997,17z/data=!4m12!1m6!3m5!1s0xd4e4fcea6d46d57:0x47cf71ea2a49b807!2sTiger!8m2!3d43.258581!4d-2.923511!3m4!1s0xd4e4fcea6d46d57:0x47cf71ea2a49b807!8m2!3d43.258581!4d-2.923511',4,1,'Compras'),('TOUS','https://www.google.es/maps/place/TOUS/@43.2622643,-2.9347765,17z/data=!3m1!4b1!4m5!3m4!1s0xd4e502807dbc28d:0xcc40256fe32304c8!8m2!3d43.2622643!4d-2.9325878',4,1,'Compras'),('Tranvía Abandoibarra','https://www.google.es/maps/place/Abandoibarra/@43.2647015,-2.9446413,16z/data=!4m8!1m2!2m1!1sestacion+metro+bilbao!3m4!1s0xd4e5021233ea45b:0xeefd242ad6a89e32!8m2!3d43.268636!4d-2.9406345',5,1,'Transportes'),('Tranvía Ribera','https://www.google.es/maps/place/Ribera/@43.256857,-2.9330542,16z/data=!4m8!1m2!2m1!1sestacion+metro+bilbao!3m4!1s0xd4e4fcdab4454c5:0xd408253af52cd002!8m2!3d43.2562104!4d-2.9251353',1,1,'Transportes'),('Tranvía Sabino Arana','https://www.google.es/maps/place/Sabino+Arana/@43.2652171,-2.9450919,16z/data=!4m8!1m2!2m1!1sestacion+metro+bilbao!3m4!1s0xd4e502513ecdf7f:0x50ff5fb4000b4168!8m2!3d43.2641086!4d-2.945956',3,1,'Transportes'),('Tranvía Uribitarte','https://www.google.es/maps/place/Uribitarte/@43.2652952,-2.9398562,16z/data=!4m8!1m2!2m1!1sestacion+metro+bilbao!3m4!1s0xd4e4fdb3db910fb:0x80bae0623b6b7587!8m2!3d43.266345!4d-2.9287282',1,1,'Transportes'),('Trastevere','https://www.google.es/maps/place/Restaurante+La+Tagliatella/@43.2619319,-2.9292748,17z/data=!3m1!4b1!4m5!3m4!1s0xd4e4fcfdd7c80ab:0xbac7b162528d22c7!8m2!3d43.261928!4d-2.9270861',4,1,'Restaurantes'),('Tren Atxuri','https://www.google.es/maps/place/Bilbao-Atxuri/@43.2537158,-2.9280116,16z/data=!4m8!1m2!2m1!1sestacion+metro+bilbao!3m4!1s0x0:0x743327ffdb3b4660!8m2!3d43.2540186!4d-2.9214688',4,1,'Transportes'),('Tren Autonomia','https://www.google.es/maps/place/Autonomia/@43.260795,-2.9496409,16z/data=!4m8!1m2!2m1!1sestacion+metro+bilbao!3m4!1s0xd4e502e76bc9b09:0x2f357ee1b1eb0b74!8m2!3d43.2580827!4d-2.9459587',4,1,'Transportes'),('Tren Bolueta','https://www.google.es/maps/place/Bolueta/@43.2518717,-2.9269173,15z/data=!4m8!1m2!2m1!1sestacion+metro+bilbao!3m4!1s0xd4e4e51afd20c49:0x1f58167c89532a78!8m2!3d43.2472444!4d-2.9056075',3,1,'Transportes'),('Tren Miribilla','https://www.google.es/maps/place/Miribilla/@43.2531845,-2.9367878,15z/data=!4m8!1m2!2m1!1sestacion+metro+bilbao!3m4!1s0xd4e4e2c51d87665:0x5528758cb47d4b13!8m2!3d43.2499581!4d-2.9309893',2,1,'Transportes'),('Tren San Mamés','https://www.google.es/maps/place/San+Mam%C3%A9s/@43.260795,-2.9496409,16z/data=!4m8!1m2!2m1!1sestacion+metro+bilbao!3m4!1s0xd4e503071809b59:0x26a150469c79d8c4!8m2!3d43.2614913!4d-2.9488152',4,1,'Transportes'),('Tren Zabalburu','https://www.google.es/maps/place/Zabalburu/@43.2581228,-2.9371097,16z/data=!4m8!1m2!2m1!1sestacion+metro+bilbao!3m4!1s0xd4e4fd388115801:0xf37509d2cf9db32b!8m2!3d43.2564263!4d-2.9325208',4,1,'Transportes'),('Tren Zorroza','https://www.google.es/maps/place/Zorrotza/@43.27631,-2.9779007,15z/data=!4m8!1m2!2m1!1sestacion+metro+bilbao!3m4!1s0xd4e506472e4fc31:0x6c1f69013b956875!8m2!3d43.277799!4d-2.9720592',2,1,'Transportes'),('Turronería Adelia Iváñez','https://www.google.es/maps/place/Turroner%C3%ADa+Adelia+Iv%C3%A1%C3%B1ez/@43.258619,-2.925755,17z/data=!3m1!4b1!4m5!3m4!1s0xd4e4fcea0d58e99:0xfd02a2f69660016b!8m2!3d43.258619!4d-2.9235663',4,1,'Compras'),('Twiggy','https://www.google.es/maps/place/Twiggy/@43.2597703,-2.9375202,17z/data=!3m1!4b1!4m5!3m4!1s0xd4e4fd057f5e725:0x973e895a71fdf664!8m2!3d43.2597703!4d-2.9353315',0,1,'Fiesta'),('Txakoli Simón','https://www.google.es/maps/place/Txakoli+Sim%C3%B3n/@43.2828424,-2.9184107,17z/data=!3m1!4b1!4m5!3m4!1s0xd4e4f8d9eadcc33:0x9d3def4ed74ab43e!8m2!3d43.2828385!4d-2.916222',5,1,'Restaurantes'),('Txoko piperrak','https://www.google.es/maps/place/Txoko+Piperrak/@43.2636368,-2.9287162,17z/data=!3m1!4b1!4m5!3m4!1s0xd4e4fda73f10843:0x3240389a80937f1c!8m2!3d43.2636329!4d-2.9265275',4,1,'Restaurantes'),('Udon Bilbao','https://www.google.es/maps/place/UDON+Bilbao+Abando/@43.2633881,-2.9350681,17z/data=!3m1!4b1!4m5!3m4!1s0xd4e4fd9ff3def8d:0x7e8c13c6f90cacc3!8m2!3d43.2633842!4d-2.9328794',4,1,'Restaurantes'),('Universidad de Deusto','https://www.google.es/maps/place/Universidad+de+Deusto/@43.2712491,-2.9407463,17z/data=!3m1!4b1!4m5!3m4!1s0xd4e50207f52c445:0x6ea1bd3e8bae3141!8m2!3d43.2712452!4d-2.9385576',4,1,'Monumentos'),('UP Bilbao','https://www.google.es/maps/place/UP+BILBAO/@43.2594284,-2.9443223,17z/data=!3m1!4b1!4m5!3m4!1s0xd4e50293643e9f3:0x33fcc5784b091115!8m2!3d43.2594284!4d-2.9421336',5,1,'Deportes'),('Vadecine','https://www.google.es/maps/place/Vadecine/@43.259737,-2.9360097,17z/data=!3m1!4b1!4m5!3m4!1s0xd4e4fd6c2753147:0x71f6205fbf08c5c6!8m2!3d43.259737!4d-2.933821',2,1,'Compras'),('Vegetariano Garibolo','https://www.google.es/maps/place/Garibolo/@43.2583761,-2.9355982,17z/data=!3m1!4b1!4m5!3m4!1s0xd4e4fd6a6befa39:0xb12200cfaa70ab4c!8m2!3d43.2583722!4d-2.9334095',4,1,'Restaurantes'),('Wasabi','https://www.google.es/maps/place/Wasabi+-+Restaurante+japon%C3%A9s/@43.2664767,-2.933664,17z/data=!3m1!4b1!4m5!3m4!1s0xd4e4fdbc0916501:0x4515787717e240d5!8m2!3d43.2664728!4d-2.9314753',5,1,'Restaurantes'),('Yamike','https://www.google.es/maps/place/Yamike+S.L./@43.2602369,-2.9244049,17z/data=!3m1!4b1!4m5!3m4!1s0xd4e4fc8d0647a5d:0xef79689cac6a2dc9!8m2!3d43.260233!4d-2.9222162',4,1,'Restaurantes'),('Yandiola','https://www.google.es/maps/place/Restaurante+Yandiola/@43.2595919,-2.9387667,17z/data=!3m1!4b1!4m5!3m4!1s0xd4e4fd63eb4a90b:0x2ff3bd327b2f477!8m2!3d43.259588!4d-2.936578',4,1,'Restaurantes'),('Zaka Bilbao Bar','https://www.google.es/maps/place/Zaka+Bilbao+Bar/@43.2600527,-2.9444983,17z/data=!3m1!4b1!4m5!3m4!1s0xd4e50292b41335d:0x7ae2e9c89ec904ce!8m2!3d43.2600488!4d-2.9423096',4,1,'Restaurantes'),('Zara','https://www.google.es/maps/place/Zara/@43.2617737,-2.9482663,15z/data=!4m8!1m2!2m1!1szara!3m4!1s0xd4e4fd7fd693a99:0xa4945ed0de7d070b!8m2!3d43.2623299!4d-2.937547',3,4,'Compras'),('Zezen Gorri','https://www.google.es/maps/place/Zezen+Gorri/@43.2590648,-2.9245257,17z/data=!3m1!4b1!4m5!3m4!1s0xd4e4fc94df423d3:0x1ce8882aa64d8fd3!8m2!3d43.2590609!4d-2.922337',4,1,'Restaurantes'),('Zona Zero','https://www.google.es/maps/place/Zona+Zero/@43.2646291,-2.9367355,17z/data=!4m8!1m2!2m1!1sZona+Zero!3m4!1s0x0:0xdc863ad19b255e42!8m2!3d43.2649563!4d-2.9336929',2,1,'Fiesta'),('Zubia Urban Rooms','https://www.google.es/maps/place/Zubia+Urban+Rooms/@43.261287,-2.9278527,17z/data=!3m1!4b1!4m5!3m4!1s0xd4e4fcfb1ca83c9:0x85320f357ccb1bfc!8m2!3d43.261287!4d-2.925664',4,1,'Alojamiento'),('Zubizuri','https://www.google.es/maps/place/Puente+Zubizuri/@43.2663372,-2.9299771,17z/data=!3m1!4b1!4m5!3m4!1s0xd4e4fdb33b1aa71:0x6aea8c8371224f86!8m2!3d43.2663333!4d-2.9277884',4,1,'Monumentos');
/*!40000 ALTER TABLE `Sitio` ENABLE KEYS */;
UNLOCK TABLES;
/*!40103 SET TIME_ZONE=@OLD_TIME_ZONE */;

/*!40101 SET SQL_MODE=@OLD_SQL_MODE */;
/*!40014 SET FOREIGN_KEY_CHECKS=@OLD_FOREIGN_KEY_CHECKS */;
/*!40014 SET UNIQUE_CHECKS=@OLD_UNIQUE_CHECKS */;
/*!40101 SET CHARACTER_SET_CLIENT=@OLD_CHARACTER_SET_CLIENT */;
/*!40101 SET CHARACTER_SET_RESULTS=@OLD_CHARACTER_SET_RESULTS */;
/*!40101 SET COLLATION_CONNECTION=@OLD_COLLATION_CONNECTION */;
/*!40111 SET SQL_NOTES=@OLD_SQL_NOTES */;

--
-- Table structure for table `Critica`
--

DROP TABLE IF EXISTS `Critica`;
/*!40101 SET @saved_cs_client     = @@character_set_client */;
/*!40101 SET character_set_client = utf8 */;
CREATE TABLE `Critica` (
  `idCritica` int(11) NOT NULL AUTO_INCREMENT,
  `usuario` varchar(45) NOT NULL,
  `critica` varchar(45) NOT NULL,
  `fecha` date NOT NULL,
  `Sitio_sitio` varchar(45) NOT NULL,
  PRIMARY KEY (`idCritica`),
  KEY `fk_Critica_Sitio1_idx` (`Sitio_sitio`),
  CONSTRAINT `fk_Critica_Sitio1` FOREIGN KEY (`Sitio_sitio`) REFERENCES `Sitio` (`sitio`) ON DELETE NO ACTION ON UPDATE NO ACTION
) ENGINE=InnoDB AUTO_INCREMENT=22 DEFAULT CHARSET=utf8;
/*!40101 SET character_set_client = @saved_cs_client */;

--
-- Dumping data for table `Critica`
--

LOCK TABLES `Critica` WRITE;
/*!40000 ALTER TABLE `Critica` DISABLE KEYS */;
INSERT INTO `Critica` VALUES (1,'Josu Barrientos','Muy buen ambiente','2016-11-13','Mazarredo'),(2,'Josu Barrientos','Muy caros los billetes','2016-11-13','Termibus'),(3,'Joaquín Cortes','Muy lentos los trenes ','2016-11-13','Abando'),(4,'Ainhoa Fernández ','Muy caro dormir aquí ','2016-11-13','Barceló'),(5,'Alberto Jiménez ','La ropa es muy muy fea','2016-11-13','Zara'),(6,'Christian Reimman','Todo','2016-11-13','Barceló'),(7,'Alvaro Hernández ','Bonito sitio','2016-11-13','Euskalduna'),(8,'Alvaro Hernández ','Mucha gente ','2016-11-13','Zara'),(9,'Maider Álvarez ','Muy buen ambiente ','2016-11-13','Pozas'),(10,'Tere','Mola mogollón ','2016-11-13','Gran Bilbao'),(11,'Richard Nixon','A noisy place','2016-11-13','El Corte Ingles'),(12,'Anónimo','No dire nada','2016-11-13','Barceló'),(13,'Anónimo ','Mucha gente ','2016-11-14','Mazarredo'),(14,'Conocido ','Poco ambiente ','2016-11-14','Mazarredo'),(15,'Anónimo ','Se come muy bien','2016-11-14','Etxanobe'),(16,'Tere','Buena opcion de transporte','2016-11-14','Abando'),(17,'Yolanda','Me parece muy caro','2016-11-14','Bilbao Kirolak'),(18,'Alfredo ','Le han cambiado el nombre ','2016-11-14','Azkuna Zentroa'),(19,'Donald  Trump','The NYs Guggenheim is much better','2016-11-14','Guggenheim'),(20,'Señor X','Mucho viejo','2016-11-14','Pozas'),(21,'Mister X','In the center of Bilbao','2016-11-14','Abando');
/*!40000 ALTER TABLE `Critica` ENABLE KEYS */;
UNLOCK TABLES;


-- Dump completed on 2016-11-16 15:08:31
